Time,CPU_Utilization,Memory_Usage,Transaction_Throughput,Performance
2025-03-01 00:00:00,43.708610696262625,12.828626711806082,659.9300638465734,2
2025-03-01 01:00:00,95.56428757689245,67.27693701374024,129.9329667452964,1
2025-03-01 02:00:00,75.87945476302646,38.2920382968694,203.54727838988308,1
2025-03-01 03:00:00,63.8792635777333,55.77136220482325,903.6264791007253,1
2025-03-01 04:00:00,24.041677639819287,91.68098265334837,626.1076066766104,1
2025-03-01 05:00:00,24.03950683025824,32.43630062339874,58.73719903579816,1
2025-03-01 06:00:00,15.227525095137953,46.93446307320668,146.3979657227305,1
2025-03-01 07:00:00,87.95585311974416,77.99960246887439,680.3266806526531,1
2025-03-01 08:00:00,64.1003510568888,30.59183489424602,54.808504653907754,1
2025-03-01 09:00:00,73.7265320016441,16.92819188459137,202.76764884662373,1
2025-03-01 10:00:00,11.85260448662222,36.077630762239124,571.2970998982568,1
2025-03-01 11:00:00,97.29188669457949,24.5099158528604,707.3004378080586,1
2025-03-01 12:00:00,84.91983767203796,93.67278871083158,669.3631965274704,1
2025-03-01 13:00:00,29.110519961044854,82.73083416079753,263.05584398753183,1
2025-03-01 14:00:00,26.364247048639054,67.00633808593811,726.5702602801591,1
2025-03-01 15:00:00,26.506405886809045,88.43145311689459,275.3866331219601,1
2025-03-01 16:00:00,37.381801866358394,82.33048692092031,359.12971325130434,1
2025-03-01 17:00:00,57.228078846901404,26.791305299743225,759.166834862123,1
2025-03-01 18:00:00,48.87505167779042,90.330309864098,667.1512540948539,1
2025-03-01 19:00:00,36.21062261782377,58.540801772408564,856.7622399694691,1
2025-03-01 20:00:00,65.06676052501416,82.66961396476563,674.7322476853262,1
2025-03-01 21:00:00,22.554447458683764,90.64821699311439,589.893173168698,1
2025-03-01 22:00:00,36.29301836816963,38.62031274746775,138.99102943668785,1
2025-03-01 23:00:00,42.97256589643225,19.90467320749091,399.33001290646183,1
2025-03-02 00:00:00,51.046298579533236,30.51416462877475,301.94224929763914,1
2025-03-02 01:00:00,80.66583652537122,48.43970097636307,281.7901612101294,1
2025-03-02 02:00:00,27.970640394252378,83.62132893302439,974.3600270148233,1
2025-03-02 03:00:00,56.28109945722505,87.46575249307091,423.44283843342237,1
2025-03-02 04:00:00,63.31731119758382,10.625691747807164,897.4442274182576,1
2025-03-02 05:00:00,14.180537144799796,55.967257231980916,649.5816946973997,1
2025-03-02 06:00:00,64.67903667112945,47.56699028339011,805.070738364566,1
2025-03-02 07:00:00,25.347171131856236,29.98970294236572,527.5052384499324,1
2025-03-02 08:00:00,15.854643368675156,20.787883060031454,598.0586903950411,1
2025-03-02 09:00:00,95.39969835279999,40.385365426326516,517.8918091279206,1
2025-03-02 10:00:00,96.90688297671034,94.86187335212672,235.48083840814226,0
2025-03-02 11:00:00,82.7557613304815,39.088263881867974,736.3295094984301,1
2025-03-02 12:00:00,37.41523922560336,56.691155956902946,316.733744318813,1
2025-03-02 13:00:00,18.79049026057455,73.27170630056601,73.10016810988114,1
2025-03-02 14:00:00,71.58097238609412,42.726664214136456,663.1986811118094,1
2025-03-02 15:00:00,49.61372443656412,97.46038744488646,218.2551454366965,1
2025-03-02 16:00:00,20.983441136030095,96.62025654479001,943.4356551352686,1
2025-03-02 17:00:00,54.56592191001432,32.66040662428277,956.232148152458,1
2025-03-02 18:00:00,13.094966900369656,54.75236553031469,919.1211707094261,1
2025-03-02 19:00:00,91.83883618709038,37.07904788350927,401.65076524267215,1
2025-03-02 20:00:00,33.290198344001524,35.63564449397208,64.68378570242406,1
2025-03-02 21:00:00,69.62700559185838,13.319825261907951,931.9026344583391,1
2025-03-02 22:00:00,38.053996848046985,64.86079005819072,456.7749409014486,1
2025-03-02 23:00:00,56.80612190600297,55.24111209059753,968.3220780914861,1
2025-03-03 00:00:00,59.203925140895166,14.633087612499041,965.4389782347902,1
2025-03-03 01:00:00,26.636900997297435,35.07818178129503,860.3589826939921,2
2025-03-03 02:00:00,97.26261649881027,91.74392973699884,329.7264474661064,1
2025-03-03 03:00:00,79.76195410250031,31.560570160027517,415.842842171829,1
2025-03-03 04:00:00,94.55490474077702,23.04053848821008,858.579837941014,1
2025-03-03 05:00:00,90.5344615384884,54.05074842498067,351.07590489846376,1
2025-03-03 06:00:00,63.810998092997664,98.70854086995406,211.01810935178787,1
2025-03-03 07:00:00,92.96868115208052,31.784974436035036,578.9611993354326,1
2025-03-03 08:00:00,17.964325184672756,70.49219926652907,939.3470354527419,1
2025-03-03 09:00:00,27.638457617723066,78.54576537958458,711.2283068412244,1
2025-03-03 10:00:00,14.070456001948425,31.38737895931597,591.5581115848967,1
2025-03-03 11:00:00,39.27972976869379,75.53947137506736,142.3176690822301,1
2025-03-03 12:00:00,44.98095607205338,43.10048194473279,634.2568653642113,2
2025-03-03 13:00:00,34.42141285965063,66.90752475342215,990.5511575990502,1
2025-03-03 14:00:00,84.58637582367363,67.01767396848052,183.07981447469783,1
2025-03-03 15:00:00,42.10779940242303,58.21972156672826,542.4131697455499,1
2025-03-03 16:00:00,35.28410587186427,18.12607930489675,883.5044183315576,2
2025-03-03 17:00:00,58.84264748424236,85.17722460303142,753.7301868664943,1
2025-03-03 18:00:00,22.683180247728636,38.870205847456226,712.1649539455045,2
2025-03-03 19:00:00,82.19772826786357,26.786665935986882,717.3598797877538,1
2025-03-03 20:00:00,16.709557931179376,13.669762739928753,391.5165936587674,1
2025-03-03 21:00:00,98.81982429404655,63.18036488694176,328.9122520512687,1
2025-03-03 22:00:00,79.50202923669917,70.98079256580542,818.893097704588,1
2025-03-03 23:00:00,27.884411338075516,11.492904603507053,819.6077249452217,2
2025-03-04 00:00:00,10.496990541124216,56.088375246935286,873.7187026510985,1
2025-03-04 01:00:00,83.39152856093507,30.384619767814417,917.5785249286478,1
2025-03-04 02:00:00,73.61716094628554,68.06555113685049,535.7752789178909,1
2025-03-04 03:00:00,75.61064512368885,25.69297861044923,526.4404799528396,1
2025-03-04 04:00:00,79.41433120173512,72.18439642922193,808.3804200184364,1
2025-03-04 05:00:00,16.664018656068134,44.806181167048365,667.4657342388768,2
2025-03-04 06:00:00,42.261915568984534,94.30569898630611,716.8685333948182,1
2025-03-04 07:00:00,20.428215357261674,22.376884973139394,806.003035964296,2
2025-03-04 08:00:00,87.67930832880342,40.695971594523265,895.505074726688,1
2025-03-04 09:00:00,66.09683141448022,20.212616911653015,371.095399008959,1
2025-03-04 10:00:00,39.78082223673843,93.22242564507064,406.80380500794683,1
2025-03-04 11:00:00,15.720251525742128,88.9605418042883,139.28284284882557,1
2025-03-04 12:00:00,37.9884089544096,33.21474649436401,599.3661339463653,1
2025-03-04 13:00:00,39.266498982407235,69.39856414307611,84.14516010690498,1
2025-03-04 14:00:00,75.66455605042577,83.54999801810942,492.31811722583717,1
2025-03-04 15:00:00,67.38017242196918,59.96807304395161,565.5124029721978,1
2025-03-04 16:00:00,89.84914683186939,57.66855205204058,322.2141895218702,1
2025-03-04 17:00:00,52.49934326457544,31.76670618104065,611.2915975405602,1
2025-03-04 18:00:00,20.763482134447152,18.379249102530927,78.97523744209695,1
2025-03-04 19:00:00,74.19203085006956,90.74941821579941,85.4807793117537,1
2025-03-04 20:00:00,78.47065437552077,91.03762514469975,831.4705326266753,1
2025-03-04 21:00:00,60.51494778125466,66.97913115459411,392.1811093406997,1
2025-03-04 22:00:00,79.38704619591049,40.51268119438306,170.70748701929054,1
2025-03-04 23:00:00,54.44160367279517,41.428861715139476,546.1310970520642,1
2025-03-05 00:00:00,57.045954644379464,75.33601109832155,781.4938754436803,1
2025-03-05 01:00:00,48.47869165226947,90.73992339573194,255.02997612200102,1
2025-03-05 02:00:00,12.287721406968567,89.83777818386056,641.7459520280503,1
2025-03-05 03:00:00,19.7102284293974,80.18879912718614,131.0800917440796,1
